{"cameraMode":{"drawMode":0,"name":"Shaded","section":"Shading Mode"},"sceneLighting":false,"audioPlay":false,"sceneViewState":{"showFog":true,"showMaterialUpdate":false,"showSkybox":true,"showFlares":true,"showImageEffects":true,"showParticleSystems":true},"in2DMode":false,"pivot":{"x":605.5446166992188,"y":273.621826171875,"z":39.75489044189453},"rotation":{"x":-0.1121005043387413,"y":0.28550678491592409,"z":-0.033647749572992328,"w":-0.9512030482292175},"size":233.34524536132813,"orthographic":false}