{"cameraMode":{"drawMode":0,"name":"Shaded","section":"Shading Mode"},"sceneLighting":false,"audioPlay":false,"sceneViewState":{"showFog":true,"showMaterialUpdate":false,"showSkybox":true,"showFlares":true,"showImageEffects":true,"showParticleSystems":true},"in2DMode":false,"pivot":{"x":4.380000114440918,"y":2.5859999656677248,"z":0.0},"rotation":{"x":0.03267405182123184,"y":-0.024886783212423326,"z":-0.0008141253492794931,"w":-0.9991558790206909},"size":6.005227088928223,"orthographic":false}